Permit,Region,Land Owner,Unit,Legal,Acres,Proposed Tons,Accomplished Tons,Approval,Comments,datestamp,Latitude,Longitude,DNR_Pilot,datetime
10002299,GIFFORD PINC,MT ADAMS,SAWTOOTH UNIT 10A,T7N R8E S23,55,1200,0,Y,NA,09-01-2016,46.317778,-121.9025,NA,2016-09-01T07:00:00Z
NA,NA,NA,NA,NA,NA,NA,NA,NA,No smoke management request approvals for 9/2/2016.,09-02-2016,,,FALSE,2016-09-02T07:00:00Z
NA,NA,NA,NA,NA,NA,NA,NA,NA,No smoke management request approvals for 9/3/2016.,09-03-2016,,,FALSE,2016-09-03T07:00:00Z
NA,NA,NA,NA,NA,NA,NA,NA,NA,No smoke management request approvals for 9/4/2016.,09-04-2016,,,FALSE,2016-09-04T07:00:00Z
NA,NA,NA,NA,NA,NA,NA,NA,NA,No smoke management request approvals for 9/5/2016.,09-05-2016,,,FALSE,2016-09-05T07:00:00Z
NA,NA,NA,NA,NA,NA,NA,NA,NA,No smoke management request approvals for 9/6/2016.,09-06-2016,,,FALSE,2016-09-06T07:00:00Z
NA,NA,NA,NA,NA,NA,NA,NA,NA,No smoke management request approvals for 9/7/2016.,09-07-2016,,,FALSE,2016-09-07T07:00:00Z
10002239,WENATCHEE NF,WENATCHEE RIVER,FISHLOOP UNDERBURNS,T27N R17E S25,0,960,1109,Y,Use cutoffs to mitigate smoke impacts,09-08-2016,47.8038,-120.6538,FALSE,2016-09-08T07:00:00Z
NA,NA,NA,NA,NA,NA,NA,NA,NA,No smoke management request approvals for 9/9/2016.,09-09-2016,,,FALSE,2016-09-09T07:00:00Z
NE20140310,NE REGION,DNR - NORTHEAST REGION,NA,T39N R37E S34,20,200,NA,NA,NA,09-10-2016,48.835631,-118.095826,NA,2016-09-10T07:00:00Z
NE20140310,NE REGION,DNR - NORTHEAST REGION,NA,T39N R37E S34,40,110,NA,NA,NA,09-11-2016,48.835631,-118.095826,NA,2016-09-11T07:00:00Z
10002239,WENATCHEE NF,WENATCHEE RIVER,FISHLOOP UNDERBURNS,T27N R17E S25,80,640,1622,Y,Use cutoffs as needed,09-12-2016,47.8038,-120.6538,FALSE,2016-09-12T07:00:00Z
10002235,WENATCHEE NF,WENATCHEE RIVER,NATAPOC,T26N R17E S11,35,280,0,N,Criteria 8,09-13-2016,47.7631,-120.6819,FALSE,2016-09-13T07:00:00Z
10002239,WENATCHEE NF,WENATCHEE RIVER,FISHLOOP UNDERBURNS,T27N R17E S25,160,1280,0,N,Criteria 8,09-13-2016,47.8038,-120.6538,FALSE,2016-09-13T07:00:00Z
10002239,WENATCHEE NF,WENATCHEE RIVER,FISHLOOP UNDERBURNS,T27N R17E S25,160,1280,0,,,09-13-2016,47.8038,-120.6538,FALSE,2016-09-13T07:00:00Z
10002316,COLVILLE NF,REPUBLIC,TROUT WEST 30,T38N R32E S32,114,1641,728,Y,manage smoke to avoid impacts to Republic.,09-14-2016,48.75,-118.8071,FALSE,2016-09-14T07:00:00Z
10002266,COLVILLE NF,THREE RIVERS,PARADISE 90,T35N R35E S3,150,2400,976,Y,24 hour Pilot Project,09-14-2016,48.555556,-118.396666,TRUE,2016-09-14T07:00:00Z
10002310,WENATCHEE NF,CLE ELUM,ORION UNIT 2,T21N R17E S11,183,1518,1,Y,24 hour approval Pilot Project,09-14-2016,47.3217,-120.6901,TRUE,2016-09-14T07:00:00Z
10002235,WENATCHEE NF,WENATCHEE RIVER,NATAPOC,T26N R17E S11,35,280,0,Y,,09-14-2016,47.7631,-120.6819,FALSE,2016-09-14T07:00:00Z
10002239,WENATCHEE NF,WENATCHEE RIVER,FISHLOOP UNDERBURNS,T27N R17E S25,160,1280,0,N,"criteria 2, 4 and 8 under existing smoke management plan.",09-14-2016,47.8038,-120.6538,FALSE,2016-09-14T07:00:00Z
10002316,COLVILLE NF,REPUBLIC,TROUT WEST 30,T38N R32E S32,17,238,131,Y,,09-15-2016,48.75,-118.8071,FALSE,2016-09-15T07:00:00Z
10002266,COLVILLE NF,THREE RIVERS,PARADISE 90,T35N R35E S3,60,960,293,Y,2928 pilot project unit. approval given 1 day in advance on sept 14.,09-15-2016,48.555556,-118.396666,TRUE,2016-09-15T07:00:00Z
10002299,GIFFORD PINC,MT ADAMS,SAWTOOTH UNIT 10A,T7N R8E S23,55,1100,0,Y,,09-15-2016,46.317778,-121.9025,FALSE,2016-09-15T07:00:00Z
10002310,WENATCHEE NF,CLE ELUM,ORION UNIT 2,T21N R17E S11,120,960,21,Y,2928 pilot project unit.,09-15-2016,47.3217,-120.6901,TRUE,2016-09-15T07:00:00Z
10002257,WENATCHEE NF,NACHES,ANGEL UNDERBURN 2016,T15N R14E S15,58,232,329,Y,2928 pilot project unit.,09-15-2016,46.7945,-121.0596,TRUE,2016-09-15T07:00:00Z
10002235,WENATCHEE NF,WENATCHEE RIVER,NATAPOC,T26N R17E S11,35,280,0,N,"Criteria 2,4 and 8 under current smp.  criteria for potential standards exceedance under pilot project criteria given current 24hr rolling avg monitor values in Plain.",09-15-2016,47.7631,-120.6819,TRUE,2016-09-15T07:00:00Z
10002239,WENATCHEE NF,WENATCHEE RIVER,FISHLOOP UNDERBURNS,T27N R17E S25,40,320,0,N,"criteria 2, 4, and 8 under NW flow with marginal ventilation given location relative to Plain.",09-15-2016,47.8038,-120.6538,FALSE,2016-09-15T07:00:00Z
NA,NA,NA,NA,NA,NA,NA,NA,NA,No smoke management request approvals for 9/16/2016.,09-16-2016,,,FALSE,2016-09-16T07:00:00Z
NA,NA,NA,NA,NA,NA,NA,NA,NA,No smoke management request approvals for 9/17/2016.,09-17-2016,,,FALSE,2016-09-17T07:00:00Z
NA,NA,NA,NA,NA,NA,NA,NA,NA,No smoke management request approvals for 9/18/2016.,09-18-2016,,,FALSE,2016-09-18T07:00:00Z
10002313,COLVILLE NF,REPUBLIC,MEL 130145149,T37N R33E S1,50,525,0,Y,,09-19-2016,48.7359,-118.5932,FALSE,2016-09-19T07:00:00Z
10002314,COLVILLE NF,REPUBLIC,TROUT WEST 36R,T37N R32E S6,97,271,0,Y,,09-19-2016,48.739667,-118.8335,FALSE,2016-09-19T07:00:00Z
10002370,MT BAKER-SNO,MT BAKER,BAYVIEW FY17,T37N R9E S19,0,300,300,,,09-19-2016,48.68,-121.68,FALSE,2016-09-19T07:00:00Z
10002288,OKANOGAN NF,METHOW VALLEY,2016 LUCKY 7/17,T35N R20E S22,56,560,0,,,09-19-2016,48.524,-120.323,FALSE,2016-09-19T07:00:00Z
10002289,OKANOGAN NF,METHOW VALLEY,2016 GOAT,T36N R20E S29,117,2106,0,,,09-19-2016,48.588,-120.346,FALSE,2016-09-19T07:00:00Z
10002320,OKANOGAN NF,TONASKET,NORTH FLANK BLOCK 492,T38N R29E S9,25,122,562,Y,,09-19-2016,48.810531,-119.187995,FALSE,2016-09-19T07:00:00Z
10002235,WENATCHEE NF,WENATCHEE RIVER,NATAPOC,T26N R17E S11,35,280,0,Y,24hr advance approval based on 2928 criteria.,09-19-2016,47.7631,-120.6819,TRUE,2016-09-19T07:00:00Z
10002239,WENATCHEE NF,WENATCHEE RIVER,FISHLOOP UNDERBURNS,T27N R17E S25,40,320,0,Y,Utilize cutoffs as needed to minimize impacts to adjacent homeowners under W winds today.,09-19-2016,47.8038,-120.6538,FALSE,2016-09-19T07:00:00Z
10002313,COLVILLE NF,REPUBLIC,MEL 130145149,T37N R33E S1,50,525,118,Y,,09-20-2016,48.7359,-118.5932,FALSE,2016-09-20T07:00:00Z
10002314,COLVILLE NF,REPUBLIC,TROUT WEST 36R,T37N R32E S6,97,271,0,Y,,09-20-2016,48.739667,-118.8335,FALSE,2016-09-20T07:00:00Z
10002370,MT BAKER-SNO,MT BAKER,BAYVIEW FY17,T37N R9E S19,30,300,200,Y,,09-20-2016,48.68,-121.68,FALSE,2016-09-20T07:00:00Z
10002288,OKANOGAN NF,METHOW VALLEY,2016 LUCKY 7/17,T35N R20E S22,56,560,0,Y,,09-20-2016,48.524,-120.323,FALSE,2016-09-20T07:00:00Z
10002289,OKANOGAN NF,METHOW VALLEY,2016 GOAT,T36N R20E S29,117,2106,0,Y,,09-20-2016,48.588,-120.346,FALSE,2016-09-20T07:00:00Z
10002290,OKANOGAN NF,METHOW VALLEY,2016 UPPER RENDEZVOUS 1,T35N R20E S1,64,896,826,Y,,09-20-2016,48.573,-120.292,FALSE,2016-09-20T07:00:00Z
10002132,OKANOGAN NF,TONASKET,NORTH FLANK-1830679,T38N R28E S13,147,2381,0,Y,,09-20-2016,48.779535,-119.238511,FALSE,2016-09-20T07:00:00Z
10002321,OKANOGAN NF,TONASKET,NORTH FLANK BLOCK 452,T38N R29E S3,18,226,0,Y,,09-20-2016,48.81331,-119.156405,FALSE,2016-09-20T07:00:00Z
10002235,WENATCHEE NF,WENATCHEE RIVER,NATAPOC,T26N R17E S11,50,500,1319,Y,,09-20-2016,47.7631,-120.6819,FALSE,2016-09-20T07:00:00Z
10002239,WENATCHEE NF,WENATCHEE RIVER,FISHLOOP UNDERBURNS,T27N R17E S25,40,320,0,,,09-20-2016,47.8038,-120.6538,FALSE,2016-09-20T07:00:00Z
10002239,WENATCHEE NF,WENATCHEE RIVER,FISHLOOP UNDERBURNS,T27N R17E S25,40,400,0,Y,use cutoffs as needed to avoid impacts to Plain.,09-20-2016,47.8038,-120.6538,FALSE,2016-09-20T07:00:00Z
10002288,OKANOGAN NF,METHOW VALLEY,2016 LUCKY 7/17,T35N R20E S22,56,560,0,Y,,09-21-2016,48.524,-120.323,FALSE,2016-09-21T07:00:00Z
10002289,OKANOGAN NF,METHOW VALLEY,2016 GOAT,T36N R20E S29,117,2106,0,Y,2928 project,09-21-2016,48.588,-120.346,TRUE,2016-09-21T07:00:00Z
10002132,OKANOGAN NF,TONASKET,NORTH FLANK-1830679,T38N R28E S13,147,2381,5616,Y,,09-21-2016,48.779535,-119.238511,FALSE,2016-09-21T07:00:00Z
10002321,OKANOGAN NF,TONASKET,NORTH FLANK BLOCK 452,T38N R29E S3,18,226,0,Y,,09-21-2016,48.81331,-119.156405,FALSE,2016-09-21T07:00:00Z
10002310,WENATCHEE NF,CLE ELUM,ORION UNIT 2,T21N R17E S11,80,640,0,Y,24 hr advance approval based on 2928 pilot,09-21-2016,47.3217,-120.6901,TRUE,2016-09-21T07:00:00Z
10002358,WENATCHEE NF,ENTIAT,LOWER TYEE FALL 2016,T27N R19E S34,30,240,0,Y,,09-21-2016,47.798,-120.426,FALSE,2016-09-21T07:00:00Z
10002358,WENATCHEE NF,ENTIAT,LOWER TYEE FALL 2016,T27N R19E S34,30,240,331,Y,,09-21-2016,47.798,-120.426,FALSE,2016-09-21T07:00:00Z
10002235,WENATCHEE NF,WENATCHEE RIVER,NATAPOC,T26N R17E S11,35,280,1221,Y,2928 pilot,09-21-2016,47.7631,-120.6819,TRUE,2016-09-21T07:00:00Z
10002239,WENATCHEE NF,WENATCHEE RIVER,FISHLOOP UNDERBURNS,T27N R17E S25,40,320,0,N,"N flow creates potential for criteria 2, 4 noncompliance today",09-21-2016,47.8038,-120.6538,FALSE,2016-09-21T07:00:00Z
10002289,OKANOGAN NF,METHOW VALLEY,2016 GOAT,T36N R20E S29,117,2106,1673,Y,2928 project. Use cutoffs as needed to minimize smoke impacts to Winthrop.,09-22-2016,48.588,-120.346,TRUE,2016-09-22T07:00:00Z
10002132,OKANOGAN NF,TONASKET,NORTH FLANK-1830679,T38N R28E S13,50,300,0,N,Offshore/E winds both sfc and aloft today.  Wait for W winds later this week to avoid impacts to Tonasket.,09-22-2016,48.779535,-119.238511,FALSE,2016-09-22T07:00:00Z
10002321,OKANOGAN NF,TONASKET,NORTH FLANK BLOCK 452,T38N R29E S3,18,226,0,Y,,09-22-2016,48.81331,-119.156405,FALSE,2016-09-22T07:00:00Z
10002310,WENATCHEE NF,CLE ELUM,ORION UNIT 2,T21N R17E S11,58,464,0,,,09-22-2016,47.3217,-120.6901,FALSE,2016-09-22T07:00:00Z
10002358,WENATCHEE NF,ENTIAT,LOWER TYEE FALL 2016,T27N R19E S34,146,1168,585,Y,,09-22-2016,47.798,-120.426,FALSE,2016-09-22T07:00:00Z
10002235,WENATCHEE NF,WENATCHEE RIVER,NATAPOC,T26N R17E S11,40,320,1244,Y,2928 pilot project. Verify N transport forecast to avoid smoke impacts to Plain.,09-22-2016,47.7631,-120.6819,TRUE,2016-09-22T07:00:00Z
10002239,WENATCHEE NF,WENATCHEE RIVER,FISHLOOP UNDERBURNS,T27N R17E S25,60,480,0,N,smoke transport forecast continues to be out of N toward Plain. criteria 2/4.,09-22-2016,47.8038,-120.6538,FALSE,2016-09-22T07:00:00Z
10002321,OKANOGAN NF,TONASKET,NORTH FLANK BLOCK 452,T38N R29E S3,18,226,0,NA,NA,09-23-2016,48.81331,-119.156405,NA,2016-09-23T07:00:00Z
10002358,WENATCHEE NF,ENTIAT,LOWER TYEE FALL 2016,T27N R19E S34,93,744,0,NA,NA,09-23-2016,47.798,-120.426,NA,2016-09-23T07:00:00Z
NA,NA,NA,NA,NA,NA,NA,NA,NA,No smoke management request approvals for 9/24/2016.,09-24-2016,,,FALSE,2016-09-24T07:00:00Z
NA,NA,NA,NA,NA,NA,NA,NA,NA,No smoke management request approvals for 9/25/2016.,09-25-2016,,,FALSE,2016-09-25T07:00:00Z
10002314,COLVILLE NF,REPUBLIC,TROUT WEST 36R,T37N R32E S6,97,271,116,Y,,09-26-2016,48.739667,-118.8335,FALSE,2016-09-26T07:00:00Z
10002275,COLVILLE NF,SULLIVAN LAKE,HANLON HF HAND,T36N R44E S16,100,600,259,Y,24 hr advance approval under 2928 project.,09-26-2016,48.621386,-117.25741,TRUE,2016-09-26T07:00:00Z
10002266,COLVILLE NF,THREE RIVERS,PARADISE 90,T35N R35E S3,40,640,0,Y,24hr advance approval under 2928 project,09-26-2016,48.555556,-118.396666,TRUE,2016-09-26T07:00:00Z
10002288,OKANOGAN NF,METHOW VALLEY,2016 LUCKY 7/17,T35N R20E S22,56,560,0,Y,Use cutoffs as needed AND complete ignition by 1500 to avoid predicted wind shift toward Winthrop overnight.,09-26-2016,48.524,-120.323,FALSE,2016-09-26T07:00:00Z
10002321,OKANOGAN NF,TONASKET,NORTH FLANK BLOCK 452,T38N R29E S3,18,226,713,Y,,09-26-2016,48.81331,-119.156405,FALSE,2016-09-26T07:00:00Z
OL20160173,OLY REGION,GREEN DIAMOND RESOURCE COMPANY,,T19N R7W S11,132,276,276,Y,Burn Request Automatically generated:Region Approval Not Required,09-26-2016,47.146902,-123.520613,FALSE,2016-09-26T07:00:00Z
OL20160175,OLY REGION,GREEN DIAMOND RESOURCE COMPANY,,T20N R7W S1,21,104,104,Y,Burn Request Automatically generated:Region Approval Not Required,09-26-2016,47.250378,-123.50124,FALSE,2016-09-26T07:00:00Z
OL20160176,OLY REGION,GREEN DIAMOND RESOURCE COMPANY,,T20N R7W S3,37,231,231,Y,Burn Request Automatically generated:Region Approval Not Required,09-26-2016,47.249823,-123.544146,FALSE,2016-09-26T07:00:00Z
OL20160177,OLY REGION,GREEN DIAMOND RESOURCE COMPANY,,T20N R7W S4,80,259,259,Y,Burn Request Automatically generated:Region Approval Not Required,09-26-2016,47.249605,-123.565409,FALSE,2016-09-26T07:00:00Z
10002233,WENATCHEE NF,CHELAN,25 MILE UB 2016,T29N R20E S24,70,502,0,Y,24 hr advance approval under 2928 project.  use cutoffs as needed to minimize impacts to Manson/Chelan.,09-26-2016,47.9691,-120.2991,TRUE,2016-09-26T07:00:00Z
10002239,WENATCHEE NF,WENATCHEE RIVER,FISHLOOP UNDERBURNS,T27N R17E S25,125,750,5579,Y,Use discretion on unit and cutoffs.  COMPLETE ignition by 1600 to avoid predicted wind shift toward Plain overnight.,09-26-2016,47.8038,-120.6538,FALSE,2016-09-26T07:00:00Z
10002270,COLVILLE NF,NEWPORT,MISERY LAKE HF AERIAL,T35N R43E S14,300,1650,0,N,To meter tonnages toward Population to the S.,09-27-2016,48.524,-117.369,FALSE,2016-09-27T07:00:00Z
10002313,COLVILLE NF,REPUBLIC,MEL 130145149,T37N R33E S1,50,525,273,Y,,09-27-2016,48.7359,-118.5932,FALSE,2016-09-27T07:00:00Z
10002272,COLVILLE NF,SULLIVAN LAKE,BLUE RUBY WEST AERIAL RX HF,T35N R43E S9,200,1800,261,Y,,09-27-2016,48.553352,-117.362362,FALSE,2016-09-27T07:00:00Z
10002276,COLVILLE NF,SULLIVAN LAKE,HANLON HF AERIAL,T36N R44E S16,350,1925,4587,Y,,09-27-2016,48.621386,-117.25741,FALSE,2016-09-27T07:00:00Z
10002266,COLVILLE NF,THREE RIVERS,PARADISE 90,T35N R35E S3,450,7200,753,Y,2928 pilot. 24hr advance approval,09-27-2016,48.555556,-118.396666,TRUE,2016-09-27T07:00:00Z
10000943,NTL PARK SVC,LAKE ROOSEVELT NATIONAL RECREATION AREA,RICKEY POINT,T35N R37E S10,22,412,0,Y,,09-27-2016,48.54667,-118.13722,FALSE,2016-09-27T07:00:00Z
10002205,NTL PARK SVC,LAKE ROOSEVELT NATIONAL RECREATION AREA,FORT SPOKANE RX,T28N R36E S20,25,330,0,Y,,09-27-2016,47.9139,-118.3,FALSE,2016-09-27T07:00:00Z
10000979,UMATILLA NF,POMEROY,LITTLE BUTTE,T8N R44E S26,170,2040,1098,Y,,09-27-2016,46.14,-117.277,FALSE,2016-09-27T07:00:00Z
10002333,US FISH AND,LITTLE PEND OREILLE NWR,LOG BARN MEADOW,T34N R40E S11,52,111,549,Y,,09-27-2016,48.4457,-117.7446,FALSE,2016-09-27T07:00:00Z
10002233,WENATCHEE NF,CHELAN,25 MILE UB 2016,T29N R20E S24,92,660,0,Y,2928 project 24hr advance approval.,09-27-2016,47.9691,-120.2991,TRUE,2016-09-27T07:00:00Z
10002239,WENATCHEE NF,WENATCHEE RIVER,FISHLOOP UNDERBURNS,T27N R17E S25,60,360,0,N,N/NW winds sfc and aloft put smoke into Plain today.  Criteria 2 and 4.,09-27-2016,47.8038,-120.6538,FALSE,2016-09-27T07:00:00Z
10002270,COLVILLE NF,NEWPORT,MISERY LAKE HF AERIAL,T35N R43E S14,300,1650,0,Y,,09-28-2016,48.524,-117.369,FALSE,2016-09-28T07:00:00Z
10002312,COLVILLE NF,REPUBLIC,VULCAN 49,T40N R33E S30,112,1848,654,Y,Use cutoffs as needed to mitigate smoke into Curlew.  2928 pilot project. No 24hr advance approval requested.,09-28-2016,48.9278,-118.686,TRUE,2016-09-28T07:00:00Z
10002272,COLVILLE NF,SULLIVAN LAKE,BLUE RUBY WEST AERIAL RX HF,T35N R43E S9,200,1800,1741,Y,,09-28-2016,48.553352,-117.362362,FALSE,2016-09-28T07:00:00Z
10002276,COLVILLE NF,SULLIVAN LAKE,HANLON HF AERIAL,T36N R44E S16,300,1650,0,Y,2928 pilot project 24hr advance notification. current forecast calls for NE to SE winds under marginal thermal mix.,09-28-2016,48.621386,-117.25741,TRUE,2016-09-28T07:00:00Z
10002266,COLVILLE NF,THREE RIVERS,PARADISE 90,T35N R35E S3,450,7200,4238,Y,2928 pilot project 24hr advance approval. Crrent forecast calls for N sfc winds to shift to upslope w/SW transport winds under marginal thermal mixing.,09-28-2016,48.555556,-118.396666,TRUE,2016-09-28T07:00:00Z
10000943,NTL PARK SVC,LAKE ROOSEVELT NATIONAL RECREATION AREA,RICKEY POINT,T35N R37E S10,22,412,0,N,,09-28-2016,48.54667,-118.13722,FALSE,2016-09-28T07:00:00Z
10002205,NTL PARK SVC,LAKE ROOSEVELT NATIONAL RECREATION AREA,FORT SPOKANE RX,T28N R36E S20,25,330,369,Y,,09-28-2016,47.9139,-118.3,FALSE,2016-09-28T07:00:00Z
10000979,UMATILLA NF,POMEROY,LITTLE BUTTE,T8N R44E S26,400,4800,1292,Y,,09-28-2016,46.14,-117.277,FALSE,2016-09-28T07:00:00Z
10002233,WENATCHEE NF,CHELAN,25 MILE UB 2016,T29N R20E S24,70,502,273,Y,2928 pilot project 24hr advance notification.  Current forecast calls for E/SE sfc and transport winds under marginal thermal mix.,09-28-2016,47.9691,-120.2991,TRUE,2016-09-28T07:00:00Z
10002308,WENATCHEE NF,CLE ELUM,LIBERTY FUELS UNITS 52-56,T21N R18E S18,80,1680,0,Y,use cutoffs as needed to manage smoke. 2928 pilot project. No 24hr advance approval requested for today.,09-28-2016,47.3108,-120.6363,TRUE,2016-09-28T07:00:00Z
10002358,WENATCHEE NF,ENTIAT,LOWER TYEE FALL 2016,T27N R19E S34,110,880,1026,Y,,09-28-2016,47.798,-120.426,FALSE,2016-09-28T07:00:00Z
10002257,WENATCHEE NF,NACHES,ANGEL UNDERBURN 2016,T15N R14E S15,57,684,324,Y,2928 pilot project. no 24hr advance approval requested.,09-28-2016,46.7945,-121.0596,TRUE,2016-09-28T07:00:00Z
10002239,WENATCHEE NF,WENATCHEE RIVER,FISHLOOP UNDERBURNS,T27N R17E S25,60,480,2669,Y,Complete ignition before 1500 to preceed predicted wind shift to N PM.  Avoid surface smoke impacts to Plain.,09-28-2016,47.8038,-120.6538,FALSE,2016-09-28T07:00:00Z
10002023,COLVILLE NF,NEWPORT,MISERY 54 62,T35N R43E S14,30,150,117,Y,,09-29-2016,48.541009,-117.35901,FALSE,2016-09-29T07:00:00Z
10002312,COLVILLE NF,REPUBLIC,VULCAN 49,T40N R33E S30,12,204,78,Y,2928 pilot project.  Curlew monitor looks good after yesterday's activity.,09-29-2016,48.9278,-118.686,TRUE,2016-09-29T07:00:00Z
10002313,COLVILLE NF,REPUBLIC,MEL 130145149,T37N R33E S1,10,110,64,Y,,09-29-2016,48.7359,-118.5932,FALSE,2016-09-29T07:00:00Z
10002271,COLVILLE NF,SULLIVAN LAKE,BLUE RUBY WEST HAND RX HF,T35N R43E S9,100,600,871,Y,,09-29-2016,48.553352,-117.362362,FALSE,2016-09-29T07:00:00Z
10002009,COLVILLE NF,THREE RIVERS,ROGERS MT 66 & 67,T37N R40E S15,29,464,0,N,,09-29-2016,48.71153,-117.74505,FALSE,2016-09-29T07:00:00Z
10002372,COLVILLE NF,THREE RIVERS,FINN 28/29,T38N R41E S28,31,406,0,Y,,09-29-2016,48.762597,-117.636525,FALSE,2016-09-29T07:00:00Z
10002088,GIFFORD PINC,CRGNSA,2015 TO 2020 COURTNEY RD UNDERBURNS,T3N R11E S28,75,300,275,Y,,09-29-2016,45.716233,-121.416233,FALSE,2016-09-29T07:00:00Z
10002288,OKANOGAN NF,METHOW VALLEY,2016 LUCKY 7/17,T35N R20E S22,56,560,0,N,poor dispersal between 5pm today and 2pm tomorrow.  Criteria 8.,09-29-2016,48.524,-120.323,FALSE,2016-09-29T07:00:00Z
10000979,UMATILLA NF,POMEROY,LITTLE BUTTE,T8N R44E S26,225,2700,646,Y,,09-29-2016,46.14,-117.277,FALSE,2016-09-29T07:00:00Z
10002244,US FISH AND,LITTLE PEND OREILLE NWR,CHRISTIANSEN,T34N R40E S12,50,140,651,Y,Be mindful of transport winds switching to S/SE late this afternoon.,09-29-2016,48.4524,-117.7077,FALSE,2016-09-29T07:00:00Z
10002233,WENATCHEE NF,CHELAN,25 MILE UB 2016,T29N R20E S24,70,502,364,Y,use cutoffs as needed under predicted W transport. 2928 pilot project 24 hr advance approval.,09-29-2016,47.9691,-120.2991,TRUE,2016-09-29T07:00:00Z
10002308,WENATCHEE NF,CLE ELUM,LIBERTY FUELS UNITS 52-56,T21N R18E S18,82,1722,0,N,2928 pilot project. elevated smoke monitor readings in leavenworth and Wenatchee with poor dispersal forecast for today.today.,09-29-2016,47.3108,-120.6363,TRUE,2016-09-29T07:00:00Z
10002358,WENATCHEE NF,ENTIAT,LOWER TYEE FALL 2016,T27N R19E S34,110,880,0,Y,,09-29-2016,47.798,-120.426,FALSE,2016-09-29T07:00:00Z
10002394,WENATCHEE NF,ENTIAT,TOMMY MAD,T29N R18E S32,35,186,1,Y,under 300 tons Low risk. no DNR approval needed.,09-29-2016,47.959,-120.59,FALSE,2016-09-29T07:00:00Z
10002088,GIFFORD PINC,CRGNSA,2015 TO 2020 COURTNEY RD UNDERBURNS,T3N R11E S28,77,308,316,N,"No weekend burning at 100 tons or greater allowed (midnite Thursdays tru midnite Sundays) from June 15 and October 1, as per SMP for protection of Class ! airsheds.",09-30-2016,45.716233,-121.416233,FALSE,2016-09-30T07:00:00Z
10000943,NTL PARK SVC,LAKE ROOSEVELT NATIONAL RECREATION AREA,RICKEY POINT,T35N R37E S10,22,419,0,N,"No weekend burning at 100 tons or greater allowed (midnite Thursdays tru midnite Sundays) from June 15 and October 1, as per SMP for protection of Class ! airsheds.",09-30-2016,48.54667,-118.13722,FALSE,2016-09-30T07:00:00Z
10000979,UMATILLA NF,POMEROY,LITTLE BUTTE,T8N R44E S26,100,1200,0,N,"No weekend burning at 100 tons or greater allowed (midnite Thursdays tru midnite Sundays) from June 15 and October 1, as per SMP for protection of Class 1 airsheds.",09-30-2016,46.14,-117.277,FALSE,2016-09-30T07:00:00Z
10000979,UMATILLA NF,POMEROY,LITTLE BUTTE,T8N R44E S26,100,1200,0,NA,NA,10-01-2016,46.14,-117.277,NA,2016-10-01T07:00:00Z
NA,NA,NA,NA,NA,NA,NA,NA,NA,No smoke management request approvals for 10/2/2016.,10-02-2016,,,FALSE,2016-10-02T07:00:00Z
10001676,BLM SPOKANE,SPOKANE DISTRICT OFFICE,CARR'S CORNER PILE BURN,T31N R39E S3,40,150,150,Y,,10-03-2016,48.201,-117.896,FALSE,2016-10-03T07:00:00Z
10002288,OKANOGAN NF,METHOW VALLEY,2016 LUCKY 7/17,T35N R20E S22,56,560,0,N,NW winds with delayed inversion lift after 1300 put smoke to Winthrop today.,10-03-2016,48.524,-120.323,FALSE,2016-10-03T07:00:00Z
10002302,OKANOGAN NF,TONASKET,LOST HAND PILES,T35N R30E S24,84,252,0,Y,,10-03-2016,48.521653,-119.018623,FALSE,2016-10-03T07:00:00Z
10000979,UMATILLA NF,POMEROY,LITTLE BUTTE,T8N R44E S26,160,1920,0,Y,,10-03-2016,46.14,-117.277,FALSE,2016-10-03T07:00:00Z
10002233,WENATCHEE NF,CHELAN,25 MILE UB 2016,T29N R20E S24,80,575,0,Y,,10-03-2016,47.9691,-120.2991,FALSE,2016-10-03T07:00:00Z
10002233,WENATCHEE NF,CHELAN,25 MILE UB 2016,T29N R20E S24,80,575,637,Y,watch W winds and use cutoffs as needed to avoid impacts to Manson/Chelan,10-03-2016,47.9691,-120.2991,FALSE,2016-10-03T07:00:00Z
10002277,WENATCHEE NF,CLE ELUM,ORION SBA UNIT 8,T21N R17W S21,70,581,0,N,As per USFS staff. Preference is for Liberty unit today.,10-03-2016,47.2956,-120.7026,FALSE,2016-10-03T07:00:00Z
10002308,WENATCHEE NF,CLE ELUM,LIBERTY FUELS UNITS 52-56,T21N R18E S18,82,1722,29,Y,,10-03-2016,47.3108,-120.6363,FALSE,2016-10-03T07:00:00Z
10002358,WENATCHEE NF,ENTIAT,LOWER TYEE FALL 2016,T27N R19E S34,40,320,441,Y,,10-03-2016,47.798,-120.426,FALSE,2016-10-03T07:00:00Z
10002394,WENATCHEE NF,ENTIAT,TOMMY MAD,T29N R18E S32,35,186,1,Y,,10-03-2016,47.959,-120.59,FALSE,2016-10-03T07:00:00Z
10001676,BLM SPOKANE,SPOKANE DISTRICT OFFICE,CARR'S CORNER PILE BURN,T31N R39E S3,40,150,130,Y,,10-04-2016,48.201,-117.896,FALSE,2016-10-04T07:00:00Z
10002399,COLVILLE NF,REPUBLIC,VULCAN 212269,T40N R33E S33,27,486,87,Y,use cutoffs as needed to mitigate smoke into Curlew,10-04-2016,48.9229,-118.6486,FALSE,2016-10-04T07:00:00Z
10000943,NTL PARK SVC,LAKE ROOSEVELT NATIONAL RECREATION AREA,RICKEY POINT,T35N R37E S10,22,319,249,Y,,10-04-2016,48.54667,-118.13722,FALSE,2016-10-04T07:00:00Z
10002290,OKANOGAN NF,METHOW VALLEY,2016 UPPER RENDEZVOUS 1,T35N R20E S1,244,4318,0,N,"2928 24 hr advance approval.  Criteria 2, 4, and 8 under marginal thermal mixing/late afternoon inversion lift and unpredictable light winds.",10-04-2016,48.573,-120.292,TRUE,2016-10-04T07:00:00Z
10002233,WENATCHEE NF,CHELAN,25 MILE UB 2016,T29N R20E S24,35,252,0,Y,24 hr advance approval 2928 project,10-04-2016,47.9691,-120.2991,TRUE,2016-10-04T07:00:00Z
10002277,WENATCHEE NF,CLE ELUM,ORION SBA UNIT 8,T21N R17W S21,70,581,420,Y,2928 pilot project. No 24 hr advance requested.,10-04-2016,47.2956,-120.7026,TRUE,2016-10-04T07:00:00Z
10002358,WENATCHEE NF,ENTIAT,LOWER TYEE FALL 2016,T27N R19E S34,110,880,165,Y,,10-04-2016,47.798,-120.426,FALSE,2016-10-04T07:00:00Z
10002301,WENATCHEE NF,WENATCHEE RIVER,CHUMSTICK UNDERBURNS,T25N R18E S14,55,440,1071,Y,2928 pilot project. no 24 hr advance notification requested.,10-04-2016,47.6712,-120.6076,TRUE,2016-10-04T07:00:00Z
10001676,BLM SPOKANE,SPOKANE DISTRICT OFFICE,CARR'S CORNER PILE BURN,T31N R39E S3,0,150,0,Y,,10-05-2016,48.201,-117.896,FALSE,2016-10-05T07:00:00Z
10000943,NTL PARK SVC,LAKE ROOSEVELT NATIONAL RECREATION AREA,RICKEY POINT,T35N R37E S10,22,319,0,Y,Use cutoffs as needed,10-05-2016,48.54667,-118.13722,FALSE,2016-10-05T07:00:00Z
10002288,OKANOGAN NF,METHOW VALLEY,2016 LUCKY 7/17,T35N R20E S22,56,560,0,N,,10-05-2016,48.524,-120.323,FALSE,2016-10-05T07:00:00Z
OL20160137,OLY REGION,PACIFIC WEST TIMBER C/O CAMPBELL GLOBAL,,T31N R14W S4,106,254,0,Y,,10-05-2016,48.216498,-124.505008,FALSE,2016-10-05T07:00:00Z
OL20140186,OLY REGION,PACIFIC WEST TIMBER C/O THE CAMPBELL GROUP,7600,T31N R14W S14,76,126,126,Y,,10-05-2016,48.188952,-124.462821,FALSE,2016-10-05T07:00:00Z
OL20150159,OLY REGION,PACIFIC WEST TIMBER C/O THE CAMPBELL GROUP,7400 JET,T32N R14W S33,17,128,0,Y,,10-05-2016,48.229144,-124.508155,FALSE,2016-10-05T07:00:00Z
OL20160040,OLY REGION,RAYONIER WASHINGTON TIMBER COMPANY,,T27N R14W S23,90,300,300,Y,,10-05-2016,47.83083,-124.472927,FALSE,2016-10-05T07:00:00Z
OL20160120,OLY REGION,RAYONIER WASHINGTON TIMBER COMPANY,,T20N R11W S3,294,1688,500,Y,,10-05-2016,47.25201,-124.03531,FALSE,2016-10-05T07:00:00Z
10002233,WENATCHEE NF,CHELAN,25 MILE UB 2016,T29N R20E S24,80,575,0,Y,2928 pilot project,10-05-2016,47.9691,-120.2991,TRUE,2016-10-05T07:00:00Z
10002401,WENATCHEE NF,ENTIAT,TYEE PILES 2016,T27N R19E S27,146,847,720,Y,,10-05-2016,47.804,-120.439,FALSE,2016-10-05T07:00:00Z
10002288,OKANOGAN NF,METHOW VALLEY,2016 LUCKY 7/17,T35N R20E S22,56,560,0,Y,,10-06-2016,48.524,-120.323,FALSE,2016-10-06T07:00:00Z
OL20160100,OLY REGION,FRUIT GROWERS SUPPLY COMPANY,,T27N R11W S33,90,705,605,Y,,10-06-2016,47.801962,-124.129338,FALSE,2016-10-06T07:00:00Z
OL20160074,OLY REGION,JLCG LLC,,T30N R15W S1,77,182,136,Y,,10-06-2016,48.131594,-124.571624,FALSE,2016-10-06T07:00:00Z
OL20160137,OLY REGION,PACIFIC WEST TIMBER C/O CAMPBELL GLOBAL,,T31N R14W S4,106,254,12,Y,,10-06-2016,48.216498,-124.505008,FALSE,2016-10-06T07:00:00Z
OL20150159,OLY REGION,PACIFIC WEST TIMBER C/O THE CAMPBELL GROUP,7400 JET,T32N R14W S33,23,176,131,Y,,10-06-2016,48.229144,-124.508155,FALSE,2016-10-06T07:00:00Z
OL20160120,OLY REGION,RAYONIER WASHINGTON TIMBER COMPANY,,T20N R11W S3,150,900,490,Y,,10-06-2016,47.25201,-124.03531,FALSE,2016-10-06T07:00:00Z
10002356,WENATCHEE NF,ENTIAT,NORTH FORK POTATO FALL 2016,T27N R20E S30,71,426,1762,Y,,10-06-2016,47.817,-120.368,FALSE,2016-10-06T07:00:00Z
10002394,WENATCHEE NF,ENTIAT,TOMMY MAD,T29N R18E S32,72,382,382,Y,,10-06-2016,47.959,-120.59,FALSE,2016-10-06T07:00:00Z
10002301,WENATCHEE NF,WENATCHEE RIVER,CHUMSTICK UNDERBURNS,T25N R18E S14,55,550,288,Y,Use cutoff as needed,10-06-2016,47.6712,-120.6076,FALSE,2016-10-06T07:00:00Z
OL20160137,OLY REGION,PACIFIC WEST TIMBER C/O CAMPBELL GLOBAL,,T31N R14W S4,106,254,150,Y,NA,10-07-2016,48.216498,-124.505008,NA,2016-10-07T07:00:00Z
OL20160056,OLY REGION,RAYONIER WASHINGTON TIMBER COMPANY,,T29N R15W S11,10,250,250,Y,NA,10-07-2016,48.033128,-124.599406,NA,2016-10-07T07:00:00Z
OL20160058,OLY REGION,RAYONIER WASHINGTON TIMBER COMPANY,,T29N R15W S17,10,230,230,Y,NA,10-07-2016,48.018957,-124.664149,NA,2016-10-07T07:00:00Z
OL20160060,OLY REGION,RAYONIER WASHINGTON TIMBER COMPANY,,T29N R15W S16,10,320,200,Y,NA,10-07-2016,48.019134,-124.642622,NA,2016-10-07T07:00:00Z
OL20160089,OLY REGION,RING FAMILY LP,,T30N R10W S28,13,149,140,Y,NA,10-07-2016,48.0658,-124.000006,NA,2016-10-07T07:00:00Z
PC20160243,PC REGION,PORT BLAKELY TREE FARMS L.P.,SEC 30 UNIT,T15N R4W S30,36,136,100,Y,NA,10-07-2016,46.757501,-123.235473,NA,2016-10-07T07:00:00Z
PC20160244,PC REGION,PORT BLAKELY TREE FARMS L.P.,UFDA UNIT,T15N R7W S2,72,141,141,Y,NA,10-07-2016,46.816268,-123.514759,NA,2016-10-07T07:00:00Z
PC20160246,PC REGION,PORT BLAKELY TREE FARMS L.P.,IDLER END UNIT,T15N R6W S28,50,127,127,Y,NA,10-07-2016,46.757119,-123.444662,NA,2016-10-07T07:00:00Z
PC20150459,PC REGION,PORT BLAKELY TREE FARMS LP,CENTER SECTION,T11N R3E S9,84,326,163,Y,NA,10-07-2016,46.452319,-122.440554,NA,2016-10-07T07:00:00Z
10002401,WENATCHEE NF,ENTIAT,TYEE PILES 2016,T27N R19E S27,50,299,180,Y,NA,10-07-2016,47.804,-120.439,NA,2016-10-07T07:00:00Z
PC20160243,PC REGION,PORT BLAKELY TREE FARMS L.P.,SEC 30 UNIT,T15N R4W S30,36,136,36,Y,NA,10-08-2016,46.757501,-123.235473,NA,2016-10-08T07:00:00Z
PC20160244,PC REGION,PORT BLAKELY TREE FARMS L.P.,UFDA UNIT,T15N R7W S2,72,141,0,Y,NA,10-08-2016,46.816268,-123.514759,NA,2016-10-08T07:00:00Z
PC20160246,PC REGION,PORT BLAKELY TREE FARMS L.P.,IDLER END UNIT,T15N R6W S28,50,127,0,Y,NA,10-08-2016,46.757119,-123.444662,NA,2016-10-08T07:00:00Z
PC20150459,PC REGION,PORT BLAKELY TREE FARMS LP,CENTER SECTION,T11N R3E S9,84,326,0,Y,NA,10-08-2016,46.452319,-122.440554,NA,2016-10-08T07:00:00Z
PC20160243,PC REGION,PORT BLAKELY TREE FARMS L.P.,SEC 30 UNIT,T15N R4W S30,36,136,0,Y,NA,10-09-2016,46.757501,-123.235473,NA,2016-10-09T07:00:00Z
PC20160244,PC REGION,PORT BLAKELY TREE FARMS L.P.,UFDA UNIT,T15N R7W S2,72,141,0,Y,NA,10-09-2016,46.816268,-123.514759,NA,2016-10-09T07:00:00Z
PC20160246,PC REGION,PORT BLAKELY TREE FARMS L.P.,IDLER END UNIT,T15N R6W S28,50,127,0,Y,NA,10-09-2016,46.757119,-123.444662,NA,2016-10-09T07:00:00Z
PC20150459,PC REGION,PORT BLAKELY TREE FARMS LP,CENTER SECTION,T11N R3E S9,84,326,0,Y,NA,10-09-2016,46.452319,-122.440554,NA,2016-10-09T07:00:00Z
OL20160095,OLY REGION,FRUIT GROWERS SUPPLY COMPANY,,T20N R10W S35,108,549,349,Y,Delay ignition to 10 am. DO NOT IMPACT U.S. HWY 101,10-10-2016,47.177182,-123.889432,FALSE,2016-10-10T07:00:00Z
OL20160170,OLY REGION,GREEN DIAMOND RESOURCE COMPANY,,T20N R7W S9,85,602,602,Y,PRIORITY 1,10-10-2016,47.233301,-123.564894,FALSE,2016-10-10T07:00:00Z
OL20160136,OLY REGION,PACIFIC WEST TIMBER C/O CAMPBELL GLOBAL,,T32N R14W S15,109,186,0,Y,Priority #3,10-10-2016,48.271651,-124.487531,FALSE,2016-10-10T07:00:00Z
OL20160145,OLY REGION,PACIFIC WEST TIMBER C/O CAMPBELL GLOBAL,,T32N R13W S5,82,219,219,Y,Priority #2,10-10-2016,48.29713,-124.40938,FALSE,2016-10-10T07:00:00Z
OL20150166,OLY REGION,PACIFIC WEST TIMBER C/O THE CAMPBELL GROUP,3204 SPRUCE,T32N R13W S8,69,203,203,Y,DO NOT IMPACT St. Rt. 112,10-10-2016,48.285594,-124.404387,FALSE,2016-10-10T07:00:00Z
OL20160038,OLY REGION,RAYONIER WASHINGTON TIMBER CO,27N12W414,T27N R12W S29,10,380,200,Y,Delay ignition to 10 am,10-10-2016,47.816657,-124.279411,FALSE,2016-10-10T07:00:00Z
OL20160039,OLY REGION,RAYONIER WASHINGTON TIMBER CO,27N13W393,T27N R13W S34,10,450,450,Y,,10-10-2016,47.801958,-124.364979,FALSE,2016-10-10T07:00:00Z
OL20160041,OLY REGION,RAYONIER WASHINGTON TIMBER COMPANY,,T27N R14W S4,10,440,350,Y,,10-10-2016,47.8714,-124.5124,FALSE,2016-10-10T07:00:00Z
OL20160120,OLY REGION,RAYONIER WASHINGTON TIMBER COMPANY,,T20N R11W S3,94,678,590,Y,Delay ignition to 10 am,10-10-2016,47.25201,-124.03531,FALSE,2016-10-10T07:00:00Z
OL20160122,OLY REGION,RAYONIER WASHINGTON TIMBER COMPANY,,T20N R12W S14,55,313,0,Y,,10-10-2016,47.223061,-124.141416,FALSE,2016-10-10T07:00:00Z
PC20160142,PC REGION,DNR,MAYFIELD THINNING U6,T12N R2E S32,32,117,18,Y,,10-10-2016,46.481665,-122.585055,FALSE,2016-10-10T07:00:00Z
PC20160143,PC REGION,DNR,NASHVILLE THIN AND VRH U5,T13N R3E S31,32,185,0,N,Criteria 1 & 4,10-10-2016,46.56849,-122.479198,FALSE,2016-10-10T07:00:00Z
PC20160167,PC REGION,DNR,BRUCE ALMIGHTY U2,T12N R2E S34,65,182,182,Y,,10-10-2016,46.48161,-122.543318,FALSE,2016-10-10T07:00:00Z
PC20160170,PC REGION,DNR,MAYFIELD THINNING U7,T12N R2E S32,142,172,0,,,10-10-2016,46.481665,-122.585055,FALSE,2016-10-10T07:00:00Z
PC20160243,PC REGION,PORT BLAKELY TREE FARMS L.P.,SEC 30 UNIT,T15N R4W S30,36,136,0,Y,,10-10-2016,46.757501,-123.235473,FALSE,2016-10-10T07:00:00Z
PC20160244,PC REGION,PORT BLAKELY TREE FARMS L.P.,UFDA UNIT,T15N R7W S2,72,141,0,Y,,10-10-2016,46.816268,-123.514759,FALSE,2016-10-10T07:00:00Z
PC20160246,PC REGION,PORT BLAKELY TREE FARMS L.P.,IDLER END UNIT,T15N R6W S28,50,127,0,N,,10-10-2016,46.757119,-123.444662,FALSE,2016-10-10T07:00:00Z
PC20150459,PC REGION,PORT BLAKELY TREE FARMS LP,CENTER SECTION,T11N R3E S9,84,326,163,Y,,10-10-2016,46.452319,-122.440554,FALSE,2016-10-10T07:00:00Z
10001676,BLM SPOKANE,SPOKANE DISTRICT OFFICE,CARR'S CORNER PILE BURN,T31N R39E S3,100,300,120,Y,,10-11-2016,48.201,-117.896,FALSE,2016-10-11T07:00:00Z
10002302,OKANOGAN NF,TONASKET,LOST HAND PILES,T35N R30E S24,84,252,0,Y,,10-11-2016,48.521653,-119.018623,FALSE,2016-10-11T07:00:00Z
10002304,OKANOGAN NF,TONASKET,NORTH FLANK EXC,T38N R29E S2,40,672,0,N,,10-11-2016,48.838802,-119.13085,FALSE,2016-10-11T07:00:00Z
OL20160136,OLY REGION,PACIFIC WEST TIMBER C/O CAMPBELL GLOBAL,,T32N R14W S15,109,186,181,Y,,10-11-2016,48.271651,-124.487531,FALSE,2016-10-11T07:00:00Z
OL20160139,OLY REGION,PACIFIC WEST TIMBER C/O CAMPBELL GLOBAL,,T32N R14W S22,77,156,156,Y,,10-11-2016,48.257145,-124.487385,FALSE,2016-10-11T07:00:00Z
OL20160143,OLY REGION,PACIFIC WEST TIMBER C/O CAMPBELL GLOBAL,,T32N R14W S23,84,147,147,Y,,10-11-2016,48.257118,-124.465616,FALSE,2016-10-11T07:00:00Z
OL20160031,OLY REGION,RAYONIER WASHINGTON TIMBER CO,25N12W040,T25N R13W S1,80,230,230,Y,,10-11-2016,47.7054,-124.3169,FALSE,2016-10-11T07:00:00Z
OL20160033,OLY REGION,RAYONIER WASHINGTON TIMBER CO,25N13W349,T25N R13W S23,100,530,0,N,,10-11-2016,47.656771,-124.344424,FALSE,2016-10-11T07:00:00Z
OL20160121,OLY REGION,RAYONIER WASHINGTON TIMBER COMPANY,,T20N R11W S14,37,209,209,Y,,10-11-2016,47.222797,-124.013809,FALSE,2016-10-11T07:00:00Z
OL20160122,OLY REGION,RAYONIER WASHINGTON TIMBER COMPANY,,T20N R12W S14,55,313,0,N,,10-11-2016,47.223061,-124.141416,FALSE,2016-10-11T07:00:00Z
PC20160144,PC REGION,DNR,SHOWJUMPER SORTS U1,T14N R4W S11,1,681,NA,Y,,10-11-2016,46.714318,-123.150933,FALSE,2016-10-11T07:00:00Z
PC20160145,PC REGION,DNR,SHOWJUMPER SORTS U3,T14N R4W S14,1,174,NA,Y,,10-11-2016,46.699707,-123.150861,FALSE,2016-10-11T07:00:00Z
PC20160149,PC REGION,DNR,BLACK WIDOW UNIT 1,T16N R5W S32,1,146,NA,Y,,10-11-2016,46.830115,-123.341453,FALSE,2016-10-11T07:00:00Z
PC20160252,PC REGION,PORT BLAKELY TREE FARMS L.P.,THE BLOOD TRAIL UNIT,T12N R6E S30,127,161,0,N,,10-11-2016,46.497957,-122.105091,FALSE,2016-10-11T07:00:00Z
PC20160254,PC REGION,PORT BLAKELY TREE FARMS L.P.,TIMBER DEED UNIT,T12N R6E S29,41,111,0,N,,10-11-2016,46.498122,-122.084049,FALSE,2016-10-11T07:00:00Z
PC20160257,PC REGION,PORT BLAKELY TREE FARMS L.P.,NE 18 UNIT,T11N R5E S18,101,375,0,N,,10-11-2016,46.436456,-122.230388,FALSE,2016-10-11T07:00:00Z
PC20160259,PC REGION,PORT BLAKELY TREE FARMS L.P.,EAST 20 UNIT,T11N R5E S20,20,247,0,N,,10-11-2016,46.422169,-122.208818,FALSE,2016-10-11T07:00:00Z
PC20150458,PC REGION,PORT BLAKELY TREE FARMS LP,FURTHER DOWN,T11N R5E S19,21,137,0,N,,10-11-2016,46.422082,-122.230237,FALSE,2016-10-11T07:00:00Z
PC20150459,PC REGION,PORT BLAKELY TREE FARMS LP,CENTER SECTION,T11N R3E S9,42,163,0,Y,,10-11-2016,46.452319,-122.440554,FALSE,2016-10-11T07:00:00Z
PC20160176,PC REGION,TCI CAMPBELL,FOSSIL CREEK,T10N R7W S10,96,121,100,Y,,10-11-2016,46.363724,-123.53354,FALSE,2016-10-11T07:00:00Z
10002404,WENATCHEE NF,CLE ELUM,ORION UNIT 8T,T21N R17E S21,100,830,0,Y,,10-11-2016,47.2991,-120.7085,FALSE,2016-10-11T07:00:00Z
10002394,WENATCHEE NF,ENTIAT,TOMMY MAD,T29N R18E S32,29,258,1,Y,,10-11-2016,47.959,-120.59,FALSE,2016-10-11T07:00:00Z
10002401,WENATCHEE NF,ENTIAT,TYEE PILES 2016,T27N R19E S27,97,582,1,N,offshore flow and subsidence forecast today. criteria 8.,10-11-2016,47.804,-120.439,FALSE,2016-10-11T07:00:00Z
10002401,WENATCHEE NF,ENTIAT,TYEE PILES 2016,T27N R19E S27,103,618,1,N,offshore flow and subsidence forecast today. criteria 8.,10-11-2016,47.804,-120.439,FALSE,2016-10-11T07:00:00Z
10002419,WENATCHEE NF,ENTIAT,SHADY PASS 2016,T29N R19E S20,20,160,160,,,10-11-2016,47.997,-120.484,FALSE,2016-10-11T07:00:00Z
10002301,WENATCHEE NF,WENATCHEE RIVER,CHUMSTICK UNDERBURNS,T25N R18E S14,30,300,0,Y,,10-11-2016,47.6712,-120.6076,FALSE,2016-10-11T07:00:00Z
10001676,BLM SPOKANE,SPOKANE DISTRICT OFFICE,CARR'S CORNER PILE BURN,T31N R39E S3,100,300,190,Y,,10-12-2016,48.201,-117.896,FALSE,2016-10-12T07:00:00Z
10001916,COLVILLE NF,NEWPORT,FLOWERY TRAIL GRAPPLE PILES,T32N R43E S17,35,200,0,Y,,10-12-2016,48.270386,-117.405991,FALSE,2016-10-12T07:00:00Z
10001401,COLVILLE NF,SULLIVAN LAKE,SCOTCHMAN STEWARDSHIP,T36N R44E S19,30,360,3000,N,criteria 8,10-12-2016,48.6069,-117.2942,FALSE,2016-10-12T07:00:00Z
10001404,COLVILLE NF,SULLIVAN LAKE,HANLON,T36N R44E S14,65,780,3000,N,criteria 8,10-12-2016,48.6212,-117.2072,FALSE,2016-10-12T07:00:00Z
OL20160153,OLY REGION,ANDERSON & MIDDLETON,WHEELER TIMBER SLAE,T23N R12W S29,89,465,365,Y,,10-12-2016,47.454393,-124.235443,FALSE,2016-10-12T07:00:00Z
OL20160186,OLY REGION,CITY OF MONTESANO,B100,T18N R7W S31,101,626,NA,N,,10-12-2016,47.002208,-123.604345,FALSE,2016-10-12T07:00:00Z
OL20160133,OLY REGION,PACIFIC WEST TIMBER C/O CAMPBELL GLOBAL,,T31N R14W S8,117,460,460,Y,,10-12-2016,48.203239,-124.527651,FALSE,2016-10-12T07:00:00Z
OL20160141,OLY REGION,PACIFIC WEST TIMBER C/O CAMPBELL GLOBAL,,T32N R15W S24,30,170,0,Y,,10-12-2016,48.258983,-124.568442,FALSE,2016-10-12T07:00:00Z
OL20160147,OLY REGION,PACIFIC WEST TIMBER C/O CAMPBELL GLOBAL,,T31N R15W S1,115,698,550,Y,,10-12-2016,48.217125,-124.569146,FALSE,2016-10-12T07:00:00Z
OL20160042,OLY REGION,RAYONIER WASHINGTON TIMBER COMPANY,,T28N R13W S21,60,325,0,N,,10-12-2016,47.917777,-124.38618,FALSE,2016-10-12T07:00:00Z
OL20160043,OLY REGION,RAYONIER WASHINGTON TIMBER COMPANY,,T28N R13W S21,100,650,100,N,,10-12-2016,47.917777,-124.38618,FALSE,2016-10-12T07:00:00Z
OL20160044,OLY REGION,RAYONIER WASHINGTON TIMBER COMPANY,,T28N R13W S13,70,550,100,N,,10-12-2016,47.932002,-124.320812,FALSE,2016-10-12T07:00:00Z
OL20160122,OLY REGION,RAYONIER WASHINGTON TIMBER COMPANY,,T20N R12W S14,55,313,0,N,,10-12-2016,47.223061,-124.141416,FALSE,2016-10-12T07:00:00Z
OL20160125,OLY REGION,RAYONIER WASHINGTON TIMBER COMPANY,,T31N R11W S23,135,935,840,Y,,10-12-2016,48.16879,-124.081032,FALSE,2016-10-12T07:00:00Z
OL20160127,OLY REGION,RAYONIER WASHINGTON TIMBER COMPANY,,T20N R11W S8,99,833,833,Y,,10-12-2016,47.237412,-124.07755,FALSE,2016-10-12T07:00:00Z
OL20160084,OLY REGION,RD MERRILL COMPANY,,T31N R12W S35,9,124,0,Y,,10-12-2016,48.140912,-124.209694,FALSE,2016-10-12T07:00:00Z
PC20160144,PC REGION,DNR,SHOWJUMPER SORTS U1,T14N R4W S11,1,681,NA,N,,10-12-2016,46.714318,-123.150933,FALSE,2016-10-12T07:00:00Z
PC20160145,PC REGION,DNR,SHOWJUMPER SORTS U3,T14N R4W S14,1,174,NA,Y,,10-12-2016,46.699707,-123.150861,FALSE,2016-10-12T07:00:00Z
PC20160252,PC REGION,PORT BLAKELY TREE FARMS L.P.,THE BLOOD TRAIL UNIT,T12N R6E S30,127,161,0,N,,10-12-2016,46.497957,-122.105091,FALSE,2016-10-12T07:00:00Z
PC20160254,PC REGION,PORT BLAKELY TREE FARMS L.P.,TIMBER DEED UNIT,T12N R6E S29,41,111,0,N,,10-12-2016,46.498122,-122.084049,FALSE,2016-10-12T07:00:00Z
PC20160257,PC REGION,PORT BLAKELY TREE FARMS L.P.,NE 18 UNIT,T11N R5E S18,101,375,0,N,,10-12-2016,46.436456,-122.230388,FALSE,2016-10-12T07:00:00Z
PC20160259,PC REGION,PORT BLAKELY TREE FARMS L.P.,EAST 20 UNIT,T11N R5E S20,20,247,0,Y,,10-12-2016,46.422169,-122.208818,FALSE,2016-10-12T07:00:00Z
PC20150458,PC REGION,PORT BLAKELY TREE FARMS LP,FURTHER DOWN,T11N R5E S19,21,137,0,Y,,10-12-2016,46.422082,-122.230237,FALSE,2016-10-12T07:00:00Z
SE20160030,SE REGION,WASHINGTON DNR,DNR COUGAR SALVAGE,T7N R12E S19,350,600,NA,,,10-12-2016,46.081442,-121.354621,FALSE,2016-10-12T07:00:00Z
10002227,WENATCHEE NF,CHELAN,BEAR MOUNTAIN PILES 2016,T27N R21E S24,117,437,0,N,criteria 8,10-12-2016,47.83228,-120.162754,FALSE,2016-10-12T07:00:00Z
10002428,WENATCHEE NF,CLE ELUM,COUNTY CORNER,T20N R12W S10,100,300,300,Y,,10-12-2016,47.24454,-121.34005,FALSE,2016-10-12T07:00:00Z
10002097,WENATCHEE NF,ENTIAT,ENTIAT RIDGE REHAB 2015,T26N R18E S2,56,534,534,Y,manage ignition and cutoffs to avoid impacts to Plain.,10-12-2016,47.781,-120.548,FALSE,2016-10-12T07:00:00Z
10002167,WENATCHEE NF,ENTIAT,FROG ROCK MACHINE,T28N R19E S17,6,311,150,Y,,10-12-2016,47.93,-120.471,FALSE,2016-10-12T07:00:00Z
10002358,WENATCHEE NF,ENTIAT,LOWER TYEE FALL 2016,T27N R19E S34,97,776,1070,Y,use cuttoffs as needed.,10-12-2016,47.798,-120.426,FALSE,2016-10-12T07:00:00Z
10002251,WENATCHEE NF,NACHES,LOST SPENCER 2016,T13N R14E S18,90,270,60,Y,mitigate smoke over Hwy 12,10-12-2016,46.6217,-121.1305,FALSE,2016-10-12T07:00:00Z
10001916,COLVILLE NF,NEWPORT,FLOWERY TRAIL GRAPPLE PILES,T32N R43E S17,35,200,0,Y,,10-13-2016,48.270386,-117.405991,FALSE,2016-10-13T07:00:00Z
10002430,COLVILLE NF,SULLIVAN LAKE,HANLON GRAPPLE PILES,T36N R44E S14,35,200,0,Y,,10-13-2016,48.617697,-117.207651,FALSE,2016-10-13T07:00:00Z
10002431,COLVILLE NF,SULLIVAN LAKE,SCOTCHMAN GRAPPLE PILES,T36N R44E S18,35,200,0,N,,10-13-2016,48.617148,-117.300582,FALSE,2016-10-13T07:00:00Z
NE20160271,NE REGION,STIMSON LUMBER COMPANY,COWBOY UP,T31N R42E S12,1,298,0,Y,NO CONDITIONS PER AR 10 STENBECK,10-13-2016,48.20178,-117.448249,FALSE,2016-10-13T07:00:00Z
NE20160274,NE REGION,STIMSON LUMBER COMPANY,BUCKAROO,T32N R42E S12,2,197,0,N,,10-13-2016,48.288411,-117.446027,FALSE,2016-10-13T07:00:00Z
10002306,OKANOGAN NF,TONASKET,FROSTED EXC,T36N R31E S8,74,152,216,,,10-13-2016,48.624906,-118.967348,FALSE,2016-10-13T07:00:00Z
OL20160152,OLY REGION,ANDERSON & MIDDLETON,CEDAR CREEK,T19N R12W S23,38,432,352,Y,,10-13-2016,47.122045,-124.141905,FALSE,2016-10-13T07:00:00Z
OL20160154,OLY REGION,ANDERSON & MIDDLETON,EZRA,T23N R12W S32,86,710,0,Y,,10-13-2016,47.43987,-124.235598,FALSE,2016-10-13T07:00:00Z
OL20160026,OLY REGION,MAKAH FORESTRY ENTERPRISES,,T32N R15W S28,10,168,84,Y,,10-13-2016,48.244939,-124.633825,FALSE,2016-10-13T07:00:00Z
OL20160030,OLY REGION,MAKAH FORESTRY ENTERPRISES,,T32N R15W S34,10,147,70,Y,,10-13-2016,48.230591,-124.612233,FALSE,2016-10-13T07:00:00Z
OL20160142,OLY REGION,PACIFIC WEST TIMBER C/O CAMPBELL GLOBAL,,T32N R14W S8,70,163,0,N,,10-13-2016,48.28655,-124.530421,FALSE,2016-10-13T07:00:00Z
OL20160149,OLY REGION,PACIFIC WEST TIMBER C/O CAMPBELL GLOBAL,,T32N R14W S29,161,412,364,Y,,10-13-2016,48.243515,-124.529689,FALSE,2016-10-13T07:00:00Z
OL20160151,OLY REGION,PACIFIC WEST TIMBER C/O CAMPBELL GLOBAL,,T32N R14W S21,181,497,497,Y,,10-13-2016,48.257377,-124.508871,FALSE,2016-10-13T07:00:00Z
OL20160042,OLY REGION,RAYONIER WASHINGTON TIMBER COMPANY,,T28N R13W S21,65,350,0,N,,10-13-2016,47.917777,-124.38618,FALSE,2016-10-13T07:00:00Z
OL20160043,OLY REGION,RAYONIER WASHINGTON TIMBER COMPANY,,T28N R13W S21,100,550,100,N,,10-13-2016,47.917777,-124.38618,FALSE,2016-10-13T07:00:00Z
OL20160044,OLY REGION,RAYONIER WASHINGTON TIMBER COMPANY,,T28N R13W S13,65,450,450,Y,,10-13-2016,47.932002,-124.320812,FALSE,2016-10-13T07:00:00Z
OL20160049,OLY REGION,RAYONIER WASHINGTON TIMBER COMPANY,,T29N R12W S21,85,120,120,Y,,10-13-2016,48.00271,-124.255803,FALSE,2016-10-13T07:00:00Z
OL20160084,OLY REGION,RD MERRILL COMPANY,,T31N R12W S35,9,124,83,Y,,10-13-2016,48.140912,-124.209694,FALSE,2016-10-13T07:00:00Z
PC20160144,PC REGION,DNR,SHOWJUMPER SORTS U1,T14N R4W S11,1,340,NA,Y,,10-13-2016,46.714318,-123.150933,FALSE,2016-10-13T07:00:00Z
PC20160145,PC REGION,DNR,SHOWJUMPER SORTS U3,T14N R4W S14,1,120,120,Y,,10-13-2016,46.699707,-123.150861,FALSE,2016-10-13T07:00:00Z
PC20150228,PC REGION,DNR PACIFIC CASCADE,DNR OGDEN MID ALDER CREEK,T9N R2E S1,86,299,NA,Y,,10-13-2016,46.292476,-122.500973,FALSE,2016-10-13T07:00:00Z
PC20160183,PC REGION,PAC WEST LOG CO C/O CAMPBELL GLOBAL,FORT GEORGE,T9N R8W S10,49,110,80,Y,,10-13-2016,46.278913,-123.655517,FALSE,2016-10-13T07:00:00Z
PC20160184,PC REGION,PAC WEST LOG CO C/O CAMPBELL GLOBAL,CORAS COUNTRY,T9N R8W S10,70,139,139,Y,,10-13-2016,46.278913,-123.655517,FALSE,2016-10-13T07:00:00Z
PC20160252,PC REGION,PORT BLAKELY TREE FARMS L.P.,THE BLOOD TRAIL UNIT,T12N R6E S30,127,161,161,Y,,10-13-2016,46.497957,-122.105091,FALSE,2016-10-13T07:00:00Z
PC20160254,PC REGION,PORT BLAKELY TREE FARMS L.P.,TIMBER DEED UNIT,T12N R6E S29,41,111,0,Y,,10-13-2016,46.498122,-122.084049,FALSE,2016-10-13T07:00:00Z
PC20160257,PC REGION,PORT BLAKELY TREE FARMS L.P.,NE 18 UNIT,T11N R5E S18,101,375,0,Y,,10-13-2016,46.436456,-122.230388,FALSE,2016-10-13T07:00:00Z
PC20160259,PC REGION,PORT BLAKELY TREE FARMS L.P.,EAST 20 UNIT,T11N R5E S20,20,247,0,Y,,10-13-2016,46.422169,-122.208818,FALSE,2016-10-13T07:00:00Z
PC20150458,PC REGION,PORT BLAKELY TREE FARMS LP,FURTHER DOWN,T11N R5E S19,21,137,0,Y,,10-13-2016,46.422082,-122.230237,FALSE,2016-10-13T07:00:00Z
PC20160172,PC REGION,TC&I CHINOOK C/O CAMPBELL GLOBAL,SHANNON RD 32,T11N R7W S32,84,317,317,Y,,10-13-2016,46.391326,-123.574406,FALSE,2016-10-13T07:00:00Z
PC20160174,PC REGION,TC&I CHINOOK C/O CAMPBELL GLOBAL,WANAMAKER,T11N R7W S31,85,110,110,Y,2nd priority,10-13-2016,46.391622,-123.593552,FALSE,2016-10-13T07:00:00Z
PC20160175,PC REGION,TCI CAMPBELL,BROOKFIELD 109,T9N R7W S11,43,112,112,Y,,10-13-2016,46.278404,-123.515807,FALSE,2016-10-13T07:00:00Z
SE20160030,SE REGION,WASHINGTON DNR,DNR COUGAR SALVAGE,T7N R12E S19,350,500,NA,Y,,10-13-2016,46.081442,-121.354621,FALSE,2016-10-13T07:00:00Z
SP20160064,SPS REGION,JIM SHAFFER,SHAFFER ERICKSON LOGGING,T16N R5E S28,35,181,NA,Y,NOT TO BURN WHEN WINDS ARE GREATER THAN 7 MPH OUT OF THE EAST,10-13-2016,46.842185,-122.182242,FALSE,2016-10-13T07:00:00Z
10001311,US FISH AND,LITTLE PEND OREILLE NWR,BLACKTAIL GRAPPLE PILES,T35N R41E S35,110,220,NA,Y,Use cutoffs,10-13-2016,48.4877,-117.604,FALSE,2016-10-13T07:00:00Z
10002227,WENATCHEE NF,CHELAN,BEAR MOUNTAIN PILES 2016,T27N R21E S24,25,100,95,Y,Use cutoffs if necessary,10-13-2016,47.83228,-120.162754,FALSE,2016-10-13T07:00:00Z
10002394,WENATCHEE NF,ENTIAT,TOMMY MAD,T29N R18E S32,19,299,1,,,10-13-2016,47.959,-120.59,FALSE,2016-10-13T07:00:00Z
10002401,WENATCHEE NF,ENTIAT,TYEE PILES 2016,T27N R19E S27,77,616,616,Y,,10-13-2016,47.804,-120.439,FALSE,2016-10-13T07:00:00Z
10002251,WENATCHEE NF,NACHES,LOST SPENCER 2016,T13N R14E S18,50,150,50,Y,,10-13-2016,46.6217,-121.1305,FALSE,2016-10-13T07:00:00Z
NE20150418,NE REGION,MERRITT BROS LUMBER CO INC,,T30N R45E S7,50,100,50,Y,APPROVED WITH NO CONDITIONS PER AR 10 STENBECK,10-14-2016,48.111453,-117.164567,FALSE,2016-10-14T07:00:00Z
NE20160271,NE REGION,STIMSON LUMBER COMPANY,COWBOY UP,T31N R42E S12,1,298,0,Y,APPROVED WITH NO CONDITIONS PER AR 10 STENBECK,10-14-2016,48.20178,-117.448249,FALSE,2016-10-14T07:00:00Z
OL20160154,OLY REGION,ANDERSON & MIDDLETON,EZRA,T23N R12W S32,70,710,500,Y,,10-14-2016,47.43987,-124.235598,FALSE,2016-10-14T07:00:00Z
OL20160188,OLY REGION,"BASCOM PACIFIC, LLC C/O CAMPBEL GLOBAL, LLC",4093 LINKSHIRE ML,T17N R8W S6,83,268,268,Y,,10-14-2016,46.987612,-123.727587,FALSE,2016-10-14T07:00:00Z
OL20160186,OLY REGION,CITY OF MONTESANO,B100,T18N R7W S31,101,626,0,Y,,10-14-2016,47.002208,-123.604345,FALSE,2016-10-14T07:00:00Z
OL20160134,OLY REGION,PACIFIC WEST TIMBER C/O CAMPBELL GLOBAL,,T31N R14W S19,90,359,359,Y,,10-14-2016,48.175164,-124.549349,FALSE,2016-10-14T07:00:00Z
OL20160135,OLY REGION,PACIFIC WEST TIMBER C/O CAMPBELL GLOBAL,,T31N R14W S30,95,452,452,Y,,10-14-2016,48.160563,-124.549581,FALSE,2016-10-14T07:00:00Z
OL20160147,OLY REGION,PACIFIC WEST TIMBER C/O CAMPBELL GLOBAL,,T31N R15W S1,24,148,0,Y,,10-14-2016,48.217125,-124.569146,FALSE,2016-10-14T07:00:00Z
OL20160033,OLY REGION,RAYONIER WASHINGTON TIMBER CO,25N13W349,T25N R13W S23,100,530,0,Y,,10-14-2016,47.656771,-124.344424,FALSE,2016-10-14T07:00:00Z
OL20160037,OLY REGION,RAYONIER WASHINGTON TIMBER CO,26N12W557,T26N R12W S26,80,240,0,Y,,10-14-2016,47.729649,-124.216362,FALSE,2016-10-14T07:00:00Z
OL20160235,OLY REGION,RD MERRILL COMPANY,,T30N R15W S9,60,313,96,Y,,10-14-2016,48.118713,-124.636419,FALSE,2016-10-14T07:00:00Z
OL20160236,OLY REGION,RING FAMILY LP,,T30N R10W S33,14,310,160,Y,,10-14-2016,48.051328,-124.000075,FALSE,2016-10-14T07:00:00Z
PC20160252,PC REGION,PORT BLAKELY TREE FARMS L.P.,THE BLOOD TRAIL UNIT,T12N R6E S30,127,161,0,Y,,10-14-2016,46.497957,-122.105091,FALSE,2016-10-14T07:00:00Z
PC20160254,PC REGION,PORT BLAKELY TREE FARMS L.P.,TIMBER DEED UNIT,T12N R6E S29,41,111,0,Y,,10-14-2016,46.498122,-122.084049,FALSE,2016-10-14T07:00:00Z
PC20160257,PC REGION,PORT BLAKELY TREE FARMS L.P.,NE 18 UNIT,T11N R5E S18,101,375,0,Y,,10-14-2016,46.436456,-122.230388,FALSE,2016-10-14T07:00:00Z
PC20160259,PC REGION,PORT BLAKELY TREE FARMS L.P.,EAST 20 UNIT,T11N R5E S20,20,247,0,Y,,10-14-2016,46.422169,-122.208818,FALSE,2016-10-14T07:00:00Z
PC20150458,PC REGION,PORT BLAKELY TREE FARMS LP,FURTHER DOWN,T11N R5E S19,21,137,0,Y,,10-14-2016,46.422082,-122.230237,FALSE,2016-10-14T07:00:00Z
SP20160074,SPS REGION,PORT BLAKELEY TREE FARM,ICE DEN,T20N R5W S23,64,158,0,N,EXPECTED WINDS OVER 7mph,10-14-2016,47.207227,-123.275907,FALSE,2016-10-14T07:00:00Z
10002336,WENATCHEE NF,CLE ELUM,COOPER CHICK HANDPILES,T22N R13E S3,50,250,125,Y,,10-14-2016,47.42956,-121.2078,FALSE,2016-10-14T07:00:00Z
PC20160252,PC REGION,PORT BLAKELY TREE FARMS L.P.,THE BLOOD TRAIL UNIT,T12N R6E S30,127,161,0,N,As per PC region decision.,10-15-2016,46.497957,-122.105091,FALSE,2016-10-15T07:00:00Z
PC20160254,PC REGION,PORT BLAKELY TREE FARMS L.P.,TIMBER DEED UNIT,T12N R6E S29,41,111,0,N,As per PC region decision.,10-15-2016,46.498122,-122.084049,FALSE,2016-10-15T07:00:00Z
PC20160257,PC REGION,PORT BLAKELY TREE FARMS L.P.,NE 18 UNIT,T11N R5E S18,101,375,0,N,As per PC region decision.,10-15-2016,46.436456,-122.230388,FALSE,2016-10-15T07:00:00Z
PC20160259,PC REGION,PORT BLAKELY TREE FARMS L.P.,EAST 20 UNIT,T11N R5E S20,20,247,0,N,As per PC region decision.,10-15-2016,46.422169,-122.208818,FALSE,2016-10-15T07:00:00Z
PC20150458,PC REGION,PORT BLAKELY TREE FARMS LP,FURTHER DOWN,T11N R5E S19,21,137,0,N,As per PC region decision.,10-15-2016,46.422082,-122.230237,FALSE,2016-10-15T07:00:00Z
SP20160074,SPS REGION,PORT BLAKELEY TREE FARM,ICE DEN,T20N R5W S23,64,158,0,,,10-15-2016,47.207227,-123.275907,FALSE,2016-10-15T07:00:00Z
SP20160076,SPS REGION,PORT BLAKELEY TREE FARM,MISS AGAIN HI,T15N R4W S24,52,112,0,N,,10-15-2016,46.771241,-123.1293,FALSE,2016-10-15T07:00:00Z
